{"cameraMode":{"drawMode":0,"name":"Shaded","section":"Shading Mode"},"sceneLighting":false,"audioPlay":false,"sceneViewState":{"m_AlwaysRefresh":false,"showFog":false,"showSkybox":false,"showFlares":true,"showImageEffects":true,"showParticleSystems":true,"showVisualEffectGraphs":true,"m_FxEnabled":true},"in2DMode":false,"pivot":{"x":-0.31815510988235476,"y":-0.1604720950126648,"z":0.9474661350250244},"rotation":{"x":0.038387928158044818,"y":0.005995793733745813,"z":-0.00023013174359221011,"w":0.999245822429657},"size":1.229474425315857,"orthographic":false}