{"cameraMode":{"drawMode":0,"name":"Shaded","section":"Shading Mode"},"sceneLighting":true,"audioPlay":false,"sceneViewState":{"m_AlwaysRefresh":false,"showFog":false,"showSkybox":false,"showFlares":true,"showImageEffects":true,"showParticleSystems":true,"showVisualEffectGraphs":true,"m_FxEnabled":true},"in2DMode":false,"pivot":{"x":8.229503631591797,"y":18.299945831298829,"z":0.18992549180984498},"rotation":{"x":0.0029999669641256334,"y":0.004499964416027069,"z":-0.000013499749002221506,"w":0.9999853372573853},"size":30.072511672973634,"orthographic":false}