{"cameraMode":{"drawMode":0,"name":"Shaded","section":"Shading Mode"},"sceneLighting":false,"audioPlay":false,"sceneViewState":{"m_AlwaysRefresh":false,"showFog":false,"showSkybox":false,"showFlares":true,"showImageEffects":true,"showParticleSystems":true,"showVisualEffectGraphs":true,"m_FxEnabled":true},"in2DMode":false,"pivot":{"x":-0.0013579130172729493,"y":0.049353718757629397,"z":0.00008249282836914063},"rotation":{"x":-0.018410198390483857,"y":0.9610968828201294,"z":-0.2675440311431885,"w":-0.06613480299711228},"size":0.8413581848144531,"orthographic":false}