{"cameraMode":{"drawMode":0,"name":"Shaded","section":"Shading Mode"},"sceneLighting":false,"audioPlay":false,"sceneViewState":{"m_AlwaysRefresh":false,"showFog":false,"showSkybox":false,"showFlares":true,"showImageEffects":true,"showParticleSystems":true,"showVisualEffectGraphs":true,"m_FxEnabled":true},"in2DMode":false,"pivot":{"x":0.17597362399101258,"y":0.010461002588272095,"z":0.2880439758300781},"rotation":{"x":0.0045248763635754589,"y":0.9941768646240234,"z":0.04626261070370674,"w":-0.09724084287881851},"size":0.7667873501777649,"orthographic":true}