{"cameraMode":{"drawMode":0,"name":"Shaded","section":"Shading Mode"},"sceneLighting":true,"audioPlay":false,"sceneViewState":{"m_AlwaysRefresh":false,"showFog":false,"showSkybox":false,"showFlares":true,"showImageEffects":true,"showParticleSystems":true,"showVisualEffectGraphs":true,"m_FxEnabled":true},"in2DMode":false,"pivot":{"x":3.403843879699707,"y":6.6277947425842289,"z":0.06866258382797241},"rotation":{"x":0.0029999669641256334,"y":0.004499964416027069,"z":-0.000013499749002221506,"w":0.9999853372573853},"size":15.534663200378418,"orthographic":false}