{"cameraMode":{"drawMode":0,"name":"Shaded","section":"Shading Mode"},"sceneLighting":false,"audioPlay":false,"sceneViewState":{"m_AlwaysRefresh":false,"showFog":false,"showSkybox":false,"showFlares":true,"showImageEffects":true,"showParticleSystems":true,"showVisualEffectGraphs":true,"m_FxEnabled":true},"in2DMode":false,"pivot":{"x":-0.0597042441368103,"y":-0.06551609933376312,"z":-0.005414828658103943},"rotation":{"x":-0.008030748926103115,"y":0.9891358613967896,"z":-0.13435043394565583,"w":-0.059125132858753207},"size":0.3789352476596832,"orthographic":false}