{"cameraMode":{"drawMode":0,"name":"Shaded","section":"Shading Mode"},"sceneLighting":false,"audioPlay":false,"sceneViewState":{"m_AlwaysRefresh":false,"showFog":false,"showSkybox":false,"showFlares":true,"showImageEffects":true,"showParticleSystems":true,"showVisualEffectGraphs":true,"m_FxEnabled":true},"in2DMode":false,"pivot":{"x":-0.0009612832218408585,"y":0.24549776315689088,"z":0.3916516900062561},"rotation":{"x":0.1967085897922516,"y":0.0014706926885992289,"z":-0.0002950633061118424,"w":0.9804608225822449},"size":1.5858515501022339,"orthographic":false}